{"step": 12.892373085021973, "_timestamp": 1715133188.6405263, "_runtime": 140.8822853565216, "_step": 163, "perplexity": 1103126.75, "loss": 13.913341522216797}