{"step": 4.67568302154541, "_timestamp": 1715075840.2579114, "_runtime": 5829.001135349274, "_step": 5758, "perplexity": 95.80594635009766, "loss": 4.562313556671143}