{"step": 4.358906269073486, "_timestamp": 1715084186.2186983, "_runtime": 14174.961922168732, "_step": 13943, "perplexity": 71.27384948730469, "loss": 4.266519546508789}