{"step": 14.14493179321289, "_timestamp": 1715070279.5249786, "_runtime": 268.26820254325867, "_step": 302, "perplexity": 1090605.125, "loss": 13.901937484741211}