{"step": 4.755971431732178, "_timestamp": 1715068887.4320102, "_runtime": 3831.477126121521, "_step": 5906, "Dev/perplexity": 109.41995239257812, "loss": 4.695181369781494}