{"step": 4.679810523986816, "_timestamp": 1715068887.43146, "_runtime": 3831.1268169879913, "_step": 5906, "Dev/perplexity": 109.41995239257812, "loss": 4.695181369781494}