{"step": 15.007806777954102, "_timestamp": 1715070279.526788, "_runtime": 268.65817308425903, "_step": 302, "perplexity": 1090605.125, "loss": 13.901937484741211}