{"step": 4.0953826904296875, "_timestamp": 1715084186.831157, "_runtime": 14175.962542057037, "_step": 13944, "perplexity": 71.27384948730469, "loss": 4.266519546508789}