{"step": 4.625805377960205, "_timestamp": 1715075840.2572334, "_runtime": 5829.388618469238, "_step": 5758, "perplexity": 95.80594635009766, "loss": 4.562313556671143}