{"step": 14.557982444763184, "_timestamp": 1715069310.1887352, "_runtime": 371.77202129364014, "_step": 403, "perplexity": 1033618.5, "loss": 13.848283767700195, "_wandb": {"runtime": 371}}