{"step": 14.485068321228027, "_timestamp": 1715069975.7538774, "_runtime": 240.06095838546753, "_step": 258, "perplexity": 1091399.375, "loss": 13.902633666992188}