{"step": 13.76782512664795, "_timestamp": 1715069975.7533927, "_runtime": 240.40299367904663, "_step": 258, "perplexity": 1091399.375, "loss": 13.902633666992188}