{"step": 14.420747756958008, "_timestamp": 1715069310.1899352, "_runtime": 371.3899142742157, "_step": 403, "perplexity": 1033618.5, "loss": 13.848283767700195, "_wandb": {"runtime": 371}}