{"step": 14.994621276855469, "_timestamp": 1715133188.639037, "_runtime": 141.20667791366577, "_step": 163, "perplexity": 1103126.75, "loss": 13.913341522216797}